{
  "general": {
    "total": 1,
    "successful": 1,
    "failed": 0,
    "totalDuration": 0.0006920000000718574,
    "actions": [
      {
        "id": "general-1757373272317",
        "action": "spawn",
        "duration": 0.0006920000000718574,
        "success": true,
        "timestamp": 1757373272318
      }
    ]
  }
}